                        "antecedents,"
                       "(be, having),"
                     "(, be, having),"
                       "(be, having),"
               "(be, for, performed),"
           "(should, for, performed),"
                "(by, be, performed),"
            "(by, should, performed),"
              "(, be, by, performed),"
          "(, performed, by, should),"
                    "(be, performed),"
                "(should, performed),"
                  "(, be, performed),"
              "(, should, performed),"
                      "(which, said),"
                    "(, which, said),"
                      "(which, said),"
                  "(by, which, said),"
                "(, by, which, said),"
                  "(by, which, said),"
                 "(you, which, said),"
               "(, you, which, said),"
                 "(you, which, said),"
             "(by, you, which, said),"
           "(, which, by, you, said),"
             "(by, you, which, said),"
                "(which, that, said),"
                "(which, that, said),"
            "(by, which, that, said),"
          "(will, which, that, said),"
                "(which, that, said),"
              "(, which, that, said),"
                "(which, that, said),"
              "(, which, that, said),"
                "(which, that, said),"
          "(, which, by, that, said),"
        "(, which, that, will, said),"
              "(, which, that, said),"
            "(by, which, that, said),"
          "(will, which, that, said),"
                "(which, that, said),"
                 "(will, that, said),"
               "(, will, that, said),"
                 "(will, that, said),"
                        "(you, said),"
                      "(, you, said),"
                        "(you, said),"
                    "(by, you, said),"
                  "(, by, you, said),"
                    "(by, you, said),"
                 "(will, that, said),"
                  "(you, that, said),"
               "(, will, that, said),"
                "(, you, that, said),"
                 "(will, that, said),"
                  "(you, that, said),"
              "(by, you, that, said),"
            "(, by, that, you, said),"
              "(by, you, that, said),"
                 "(will, have, said),"
                   "(by, have, said),"
                 "(, have, by, said),"
               "(, will, said, have),"
                   "(by, have, said),"
                 "(will, have, said),"
                  "(have, you, said),"
                "(, have, you, said),"
                  "(have, you, said),"
                         "(on, said),"
                       "(, on, said),"
                         "(on, said),"
                        "(for, said),"
                      "(, for, said),"
                        "(for, said),"
                  "(have, you, with),"
                "(, have, you, with),"
                  "(have, you, with),"
                  "(have, you, that),"
                "(, have, you, that),"
                  "(have, you, that),"
                       "(, not, has),"
                   "(not, with, has),"
                     "(about, which),"
                   "(, about, which),"
                     "(about, which),"
               "(about, which, said),"
             "(, about, which, said),"
               "(about, which, said),"
                     "(about, those),"
                   "(, about, those),"
                     "(about, those),"
                      "(about, said),"
                    "(, about, said),"
                      "(about, said),"
                 "(about, you, said),"
               "(, about, you, said),"
                 "(about, you, said),"
               "(about, you, should),"
             "(, about, you, should),"
               "(about, you, should),"
                  "(will, about, he),"
                   "(about, you, he),"
                "(, will, about, he),"
                 "(, about, you, he),"
                  "(will, about, he),"
                   "(about, you, he),"
                   "(it, from, with),"
                       "(be, on, it),"
                    "(who, at, with),"
                  "(, who, with, at),"
                "(will, which, that),"
                 "(you, which, that),"
              "(, will, which, that),"
               "(, you, which, that),"
                "(will, which, that),"
                 "(you, which, that),"
                   "(by, will, that),"
                 "(, will, by, that),"
                   "(by, will, that),"
                 "(have, you, which),"
               "(, have, you, which),"
                 "(have, you, which),"
                 "(will, have, with),"
               "(, will, with, have),"
                 "(will, have, with),"
                        "(then, one),"
                      "(, then, one),"
                        "(then, one),"
                       "(will, tell),"
                        "(tell, you),"
                      "(, tell, you),"
                     "(, tell, will),"
                        "(tell, you),"
                       "(will, tell),"
                      "(tell, about),"
                    "(, tell, about),"
                      "(tell, about),"
                "(will, tell, about),"
                 "(tell, about, you),"
              "(, will, about, tell),"
               "(, tell, about, you),"
                "(will, tell, about),"
                 "(tell, about, you),"
                         "(by, tell),"
                       "(, tell, by),"
                         "(by, tell),"
                    "(by, tell, you),"
                   "(by, tell, will),"
                 "(, will, by, tell),"
                  "(, tell, by, you),"
                   "(by, will, tell),"
                    "(by, tell, you),"
                     "(by, tell, me),"
                     "(by, tell, me),"
                   "(, tell, by, me),"
                     "(by, tell, me),"
                   "(, tell, by, me),"
                     "(by, tell, me),"
               "(by, will, me, tell),"
                "(by, will, you, me),"
                "(by, tell, you, me),"
                     "(by, tell, me),"
             "(, by, will, tell, me),"
              "(, by, will, me, you),"
              "(, by, tell, me, you),"
                   "(, tell, by, me),"
               "(by, will, me, tell),"
                "(by, will, you, me),"
                "(by, tell, you, me),"
                     "(by, tell, me),"
                   "(will, tell, me),"
                    "(tell, you, me),"
                 "(, will, me, tell),"
                  "(, will, you, me),"
                  "(, tell, you, me),"
                   "(will, tell, me),"
                    "(tell, you, me),"
                       "(tell, said),"
                       "(tell, said),"
                       "(tell, said),"
                     "(, tell, said),"
                       "(tell, said),"
                     "(, tell, said),"
                       "(tell, said),"
                   "(will, tell, me),"
                 "(will, tell, said),"
                   "(tell, me, said),"
                 "(, will, me, tell),"
               "(, will, said, tell),"
                 "(, tell, me, said),"
                   "(will, tell, me),"
                 "(will, tell, said),"
                   "(tell, me, said),"
                 "(will, tell, said),"
                  "(will, you, said),"
                  "(tell, you, said),"
                       "(tell, said),"
                     "(, tell, said),"
                       "(tell, said),"
                    "(tell, you, me),"
                  "(tell, you, said),"
                   "(tell, me, said),"
                    "(you, me, said),"
               "(, will, said, tell),"
                "(, will, you, said),"
                "(, tell, you, said),"
                     "(, tell, said),"
                 "(will, tell, said),"
                  "(will, you, said),"
                  "(tell, you, said),"
                       "(tell, said),"
              "(will, tell, you, me),"
             "(will, tell, me, said),"
            "(will, tell, you, said),"
              "(will, you, me, said),"
              "(tell, you, me, said),"
                   "(will, tell, me),"
                 "(will, tell, said),"
                    "(tell, you, me),"
                   "(tell, me, said),"
                  "(tell, you, said),"
                    "(you, me, said),"
                  "(, tell, you, me),"
                 "(, tell, me, said),"
                "(, tell, you, said),"
                  "(, you, me, said),"
                    "(tell, you, me),"
                   "(tell, me, said),"
                  "(tell, you, said),"
                    "(you, me, said),"
            "(, will, tell, me, you),"
           "(, will, tell, me, said),"
          "(, will, tell, you, said),"
            "(, will, me, you, said),"
            "(, tell, me, you, said),"
                 "(, will, me, tell),"
               "(, will, said, tell),"
                  "(, tell, you, me),"
                 "(, tell, me, said),"
                "(, tell, you, said),"
                  "(, you, me, said),"
              "(will, tell, you, me),"
             "(will, tell, me, said),"
            "(will, tell, you, said),"
              "(will, you, me, said),"
              "(tell, you, me, said),"
                   "(will, tell, me),"
                 "(will, tell, said),"
                    "(tell, you, me),"
                   "(tell, me, said),"
                  "(tell, you, said),"
                    "(you, me, said),"
                     "(by, tell, me),"
                   "(by, tell, said),"
                   "(by, tell, said),"
                   "(by, tell, said),"
                   "(, tell, by, me),"
                 "(, tell, by, said),"
                     "(by, tell, me),"
                   "(by, tell, said),"
                "(by, tell, you, me),"
               "(by, tell, me, said),"
              "(by, tell, you, said),"
                "(by, you, me, said),"
                   "(by, tell, said),"
               "(by, will, me, tell),"
             "(by, will, said, tell),"
               "(by, tell, me, said),"
                   "(by, tell, said),"
                 "(, tell, by, said),"
                   "(by, tell, said),"
                 "(, tell, by, said),"
                   "(by, tell, said)",
             "(by, will, said, tell)",
              "(by, will, you, said)",
              "(by, tell, you, said)",
                   "(by, tell, said)",
              "(, by, tell, me, you)",
             "(, by, tell, me, said)",
            "(, by, tell, you, said)",
              "(, by, me, you, said)",
                 "(, tell, by, said)",
                "(by, tell, you, me)",
               "(by, tell, me, said)",
              "(by, tell, you, said)",
                "(by, you, me, said)",
                   "(by, tell, said)",
             "(, by, will, tell, me)",
           "(, by, will, tell, said)",
             "(, by, tell, me, said)",
                 "(, tell, by, said)",
               "(by, will, me, tell)",
             "(by, will, said, tell)",
               "(by, tell, me, said)",
                   "(by, tell, said)",
          "(by, will, tell, me, you)",
         "(by, will, tell, me, said)",
        "(by, will, tell, you, said)",
          "(by, will, me, you, said)",
          "(by, tell, me, you, said)",
               "(by, will, me, tell)",
             "(by, will, said, tell)",
              "(by, will, you, said)",
                "(by, tell, you, me)",
               "(by, tell, me, said)",
              "(by, tell, you, said)",
                "(by, you, me, said)",
                   "(by, tell, said)",
           "(, by, will, tell, said)",
            "(, by, will, you, said)",
            "(, by, tell, you, said)",
                 "(, tell, by, said)",
             "(by, will, said, tell)",
              "(by, will, you, said)",
              "(by, tell, you, said)",
                   "(by, tell, said)",
        "(, by, will, tell, me, you)",
       "(, by, will, tell, me, said)",
      "(, by, will, tell, you, said)",
        "(, by, will, me, you, said)",
        "(, by, tell, me, you, said)",
             "(, by, will, tell, me)",
           "(, by, will, tell, said)",
            "(, by, will, you, said)",
              "(, by, tell, me, you)",
             "(, by, tell, me, said)",
            "(, by, tell, you, said)",
              "(, by, me, you, said)",
          "(by, will, tell, me, you)",
         "(by, will, tell, me, said)",
        "(by, will, tell, you, said)",
          "(by, will, me, you, said)",
          "(by, tell, me, you, said)",
                 "(, tell, by, said)",
               "(by, will, me, tell)",
             "(by, will, said, tell)",
              "(by, will, you, said)",
                "(by, tell, you, me)",
               "(by, tell, me, said)",
              "(by, tell, you, said)",
                "(by, you, me, said)",
                   "(by, tell, said)",
                      "(tell, which)",
                      "(tell, which)",
                "(will, tell, which)",
                 "(tell, you, which)",
                      "(tell, which)",
                    "(, tell, which)",
                      "(tell, which)",
                    "(, tell, which)",
                      "(tell, which)",
              "(, will, which, tell)",
               "(, tell, you, which)",
                    "(, tell, which)",
                "(will, tell, which)",
                 "(tell, you, which)",
                      "(tell, which)",
                "(tell, which, said)",
                 "(you, which, said)",
                "(tell, which, said)",
              "(, tell, which, said)",
               "(, you, which, said)",
                "(tell, which, said)",
                 "(you, which, said)",
              "(, tell, which, said)",
                "(tell, which, said)",
          "(will, tell, which, said)",
           "(will, you, which, said)",
           "(tell, you, which, said)",
                "(tell, which, said)",
                 "(you, which, said)",
        "(, which, will, tell, said)",
         "(, which, will, you, said)",
         "(, which, tell, you, said)",
              "(, tell, which, said)",
               "(, you, which, said)",
          "(will, tell, which, said)",
           "(will, you, which, said)",
           "(tell, you, which, said)",
                "(tell, which, said)",
                 "(you, which, said)",
                  "(by, tell, which)",
                  "(by, tell, which)",
                "(, tell, by, which)",
                  "(by, tell, which)",
                "(, tell, by, which)",
                  "(by, tell, which)",
            "(by, will, which, tell)",
             "(by, tell, you, which)",
                  "(by, tell, which)",
          "(, which, by, will, tell)",
           "(, which, by, tell, you)",
                "(, tell, by, which)",
            "(by, will, which, tell)",
             "(by, tell, you, which)",
                  "(by, tell, which)",
                  "(tell, which, me)",
                  "(tell, which, me)",
                  "(tell, which, me)",
                "(, tell, which, me)",
                  "(tell, which, me)",
             "(tell, you, which, me)",
            "(tell, which, me, said)",
                  "(tell, which, me)",
            "(will, tell, which, me)",
            "(tell, which, me, said)",
                  "(tell, which, me)",
                "(, tell, which, me)",
                  "(tell, which, me)",
                "(, tell, which, me)",
                  "(tell, which, me)",
            "(will, tell, which, me)",
             "(tell, you, which, me)",
                  "(tell, which, me)",
           "(, which, tell, me, you)",
          "(, which, tell, me, said)",
                "(, tell, which, me)",
             "(tell, you, which, me)",
            "(tell, which, me, said)",
                  "(tell, which, me)",
          "(, which, will, tell, me)",
          "(, which, tell, me, said)",
                "(, tell, which, me)",
            "(will, tell, which, me)",
            "(tell, which, me, said)",
                  "(tell, which, me)",
       "(which, will, tell, me, you)",
      "(which, will, tell, me, said)",
       "(which, tell, me, you, said)",
            "(will, tell, which, me)",
             "(tell, you, which, me)",
            "(tell, which, me, said)",
                  "(tell, which, me)",
          "(, which, will, tell, me)",
           "(, which, tell, me, you)",
                "(, tell, which, me)",
            "(will, tell, which, me)",
             "(tell, you, which, me)",
                  "(tell, which, me)",
     "(, which, will, tell, me, you)",
    "(, which, will, tell, me, said)",
     "(, which, tell, me, you, said)",
          "(, which, will, tell, me)",
           "(, which, tell, me, you)",
          "(, which, tell, me, said)",
       "(which, will, tell, me, you)",
      "(which, will, tell, me, said)",
       "(which, tell, me, you, said)",
                "(, tell, which, me)",
            "(will, tell, which, me)",
             "(tell, you, which, me)",
            "(tell, which, me, said)",
                  "(tell, which, me)",
                       "(tell, Lord)",
                       "(tell, Lord)",
                       "(tell, Lord)",
                       "(tell, Lord)",
                        "(you, Lord)",
                 "(Lord, tell, said)",
                   "(tell, me, Lord)",
                       "(tell, Lord)",
                     "(, tell, Lord)",
                       "(tell, Lord)",
                     "(, tell, Lord)",
                       "(tell, Lord)",
                 "(, tell, me, Lord)",
               "(, tell, said, Lord)",
                     "(, tell, Lord)",
                   "(tell, me, Lord)",
                 "(tell, said, Lord)",
                       "(tell, Lord)",
                     "(, tell, Lord)",
                       "(tell, Lord)",
                 "(will, tell, Lord)",
                   "(will, me, Lord)",
                   "(tell, me, Lord)",
                       "(tell, Lord)",
                 "(will, tell, Lord)",
                 "(Lord, tell, said)",
                       "(tell, Lord)",
               "(, will, Lord, tell)",
                 "(, will, me, Lord)",
                 "(, tell, me, Lord)",
                     "(, tell, Lord)",
                 "(will, tell, Lord)",
                   "(will, me, Lord)",
                   "(tell, me, Lord)",
                       "(tell, Lord)",
               "(, will, tell, Lord)",
               "(, tell, said, Lord)",
                     "(, tell, Lord)",
                 "(will, tell, Lord)",
                 "(tell, said, Lord)",
                       "(tell, Lord)",
             "(will, tell, me, Lord)",
           "(will, tell, said, Lord)",
             "(will, said, me, Lord)",
             "(tell, said, me, Lord)",
                 "(will, tell, Lord)",
                   "(will, me, Lord)",
                   "(tell, me, Lord)",
                 "(tell, said, Lord)",
                       "(tell, Lord)",
           "(, will, tell, me, Lord)",
         "(, Lord, will, tell, said)",
           "(, Lord, will, me, said)",
           "(, Lord, tell, me, said)",
               "(, will, tell, Lord)",
                 "(, will, me, Lord)",
                 "(, tell, me, Lord)",
               "(, tell, said, Lord)",
             "(will, tell, me, Lord)",
           "(will, tell, said, Lord)",
             "(will, said, me, Lord)",
             "(tell, said, me, Lord)",
                     "(, tell, Lord)",
                 "(will, tell, Lord)",
                   "(will, me, Lord)",
                   "(tell, me, Lord)",
                 "(tell, said, Lord)",
                       "(tell, Lord)",
                 "(will, tell, Lord)",
                  "(will, you, Lord)",
                  "(tell, you, Lord)",
                       "(tell, Lord)",
                        "(you, Lord)",
                     "(, tell, Lord)",
                      "(, you, Lord)",
                       "(tell, Lord)",
                        "(you, Lord)",
                  "(tell, you, Lord)",
                   "(tell, me, Lord)",
                    "(you, me, Lord)",
                       "(tell, Lord)",
                        "(you, Lord)",
                 "(Lord, tell, said)",
                  "(tell, you, Lord)",
                  "(Lord, you, said)",
                       "(tell, Lord)",
                        "(you, Lord)",
               "(, will, Lord, tell)",
                "(, will, you, Lord)",
                "(, tell, you, Lord)",
                     "(, tell, Lord)",
                      "(, you, Lord)",
                 "(will, tell, Lord)",
                  "(will, you, Lord)",
                  "(tell, you, Lord)",
                       "(tell, Lord)",
                        "(you, Lord)",
             "(will, tell, me, Lord)",
            "(will, tell, you, Lord)",
              "(will, you, me, Lord)",
              "(tell, you, me, Lord)",
                 "(will, tell, Lord)",
                   "(will, me, Lord)",
                  "(will, you, Lord)",
                   "(tell, me, Lord)",
                  "(tell, you, Lord)",
                    "(you, me, Lord)",
                       "(tell, Lord)",
                        "(you, Lord)",
            "(will, tell, you, Lord)",
           "(will, tell, said, Lord)",
            "(will, said, you, Lord)",
            "(tell, said, you, Lord)",
                 "(will, tell, Lord)",
                  "(will, you, Lord)",
                  "(tell, you, Lord)",
                 "(tell, said, Lord)",
                  "(said, you, Lord)",
                       "(tell, Lord)",
                        "(you, Lord)",
                 "(, tell, me, Lord)",
                "(, tell, you, Lord)",
                  "(, you, me, Lord)",
                     "(, tell, Lord)",
                      "(, you, Lord)",
                   "(tell, me, Lord)",
                  "(tell, you, Lord)",
                    "(you, me, Lord)",
                       "(tell, Lord)",
                        "(you, Lord)",
                "(, tell, you, Lord)",
               "(, tell, said, Lord)",
                "(, said, you, Lord)",
                     "(, tell, Lord)",
                      "(, you, Lord)",
                  "(tell, you, Lord)",
                 "(tell, said, Lord)",
                  "(said, you, Lord)",
                       "(tell, Lord)",
                        "(you, Lord)",
              "(tell, you, me, Lord)",
             "(tell, said, me, Lord)",
            "(tell, said, you, Lord)",
              "(said, you, me, Lord)",
                   "(tell, me, Lord)",
                  "(tell, you, Lord)",
                 "(tell, said, Lord)",
                    "(you, me, Lord)",
                  "(said, you, Lord)",
                       "(tell, Lord)",
                        "(you, Lord)",
           "(, will, tell, me, Lord)",
          "(, will, tell, you, Lord)",
            "(, will, me, you, Lord)",
            "(, tell, me, you, Lord)",
               "(, will, Lord, tell)",
                 "(, will, me, Lord)",
                "(, will, you, Lord)",
                 "(, tell, me, Lord)",
                "(, tell, you, Lord)",
                  "(, you, me, Lord)",
             "(will, tell, me, Lord)",
            "(will, tell, you, Lord)",
              "(will, you, me, Lord)",
              "(tell, you, me, Lord)",
                     "(, tell, Lord)",
                      "(, you, Lord)",
                 "(will, tell, Lord)",
                   "(will, me, Lord)",
                  "(will, you, Lord)",
                   "(tell, me, Lord)",
                  "(tell, you, Lord)",
                    "(you, me, Lord)",
                       "(tell, Lord)",
                        "(you, Lord)",
          "(, will, tell, you, Lord)",
         "(, Lord, will, tell, said)",
          "(, Lord, will, you, said)",
          "(, Lord, tell, you, said)",
               "(, will, tell, Lord)",
                "(, will, you, Lord)",
                "(, tell, you, Lord)",
               "(, tell, said, Lord)",
                "(, said, you, Lord)",
            "(will, tell, you, Lord)",
           "(will, tell, said, Lord)",
            "(will, said, you, Lord)",
            "(tell, said, you, Lord)",
                     "(, tell, Lord)",
                      "(, you, Lord)",
                 "(will, tell, Lord)",
                  "(will, you, Lord)",
                  "(tell, you, Lord)",
                 "(tell, said, Lord)",
                  "(said, you, Lord)",
                       "(tell, Lord)",
                        "(you, Lord)",
        "(will, tell, me, you, Lord)",
       "(Lord, will, tell, me, said)",
      "(Lord, will, tell, you, said)",
        "(Lord, will, me, you, said)",
        "(Lord, tell, me, you, said)",
             "(will, tell, me, Lord)",
            "(will, tell, you, Lord)",
           "(will, tell, said, Lord)",
              "(will, you, me, Lord)",
             "(will, said, me, Lord)",
            "(will, said, you, Lord)",
              "(tell, you, me, Lord)",
             "(tell, said, me, Lord)",
            "(tell, said, you, Lord)",
              "(said, you, me, Lord)",
                 "(will, tell, Lord)",
                   "(will, me, Lord)",
                  "(will, you, Lord)",
                   "(tell, me, Lord)",
                  "(tell, you, Lord)",
                 "(tell, said, Lord)",
                    "(you, me, Lord)",
                  "(said, you, Lord)",
                       "(tell, Lord)",
                        "(you, Lord)",
            "(, tell, me, you, Lord)",
           "(, Lord, tell, me, said)",
          "(, Lord, tell, you, said)",
            "(, Lord, me, you, said)",
                 "(, tell, me, Lord)",
                "(, tell, you, Lord)",
               "(, tell, said, Lord)",
                  "(, you, me, Lord)",
                "(, said, you, Lord)",
              "(tell, you, me, Lord)",
             "(tell, said, me, Lord)",
            "(tell, said, you, Lord)",
              "(said, you, me, Lord)",
                     "(, tell, Lord)",
                      "(, you, Lord)",
                   "(tell, me, Lord)",
                  "(tell, you, Lord)",
                 "(tell, said, Lord)",
                    "(you, me, Lord)",
                  "(said, you, Lord)",
                       "(tell, Lord)",
                        "(you, Lord)",
      "(, will, tell, me, you, Lord)",
     "(, said, will, tell, me, Lord)",
    "(, said, will, tell, you, Lord)",
      "(, said, will, me, you, Lord)",
      "(, said, tell, me, you, Lord)",
           "(, will, tell, me, Lord)",
          "(, will, tell, you, Lord)",
         "(, Lord, will, tell, said)",
            "(, will, me, you, Lord)",
           "(, Lord, will, me, said)",
          "(, Lord, will, you, said)",
            "(, tell, me, you, Lord)",
           "(, Lord, tell, me, said)",
          "(, Lord, tell, you, said)",
            "(, Lord, me, you, said)",
        "(will, tell, me, you, Lord)",
       "(Lord, will, tell, me, said)",
      "(Lord, will, tell, you, said)",
        "(Lord, will, me, you, said)",
        "(Lord, tell, me, you, said)",
               "(, will, tell, Lord)",
                 "(, will, me, Lord)",
                "(, will, you, Lord)",
                 "(, tell, me, Lord)",
                "(, tell, you, Lord)",
               "(, tell, said, Lord)",
                  "(, you, me, Lord)",
                "(, said, you, Lord)",
             "(will, tell, me, Lord)",
            "(will, tell, you, Lord)",
           "(will, tell, said, Lord)",
              "(will, you, me, Lord)",
             "(will, said, me, Lord)",
            "(will, said, you, Lord)",
              "(tell, you, me, Lord)",
             "(tell, said, me, Lord)",
            "(tell, said, you, Lord)",
              "(said, you, me, Lord)",
                     "(, tell, Lord)",
                      "(, you, Lord)",
                 "(will, tell, Lord)",
                   "(will, me, Lord)",
                  "(will, you, Lord)",
                   "(tell, me, Lord)",
                  "(tell, you, Lord)",
                 "(tell, said, Lord)",
                    "(you, me, Lord)",
                  "(said, you, Lord)",
                       "(tell, Lord)",
                        "(you, Lord)",
                   "(by, tell, Lord)",
                   "(by, tell, said)",
                   "(by, tell, Lord)",
                    "(by, you, Lord)",
                 "(, tell, by, Lord)",
                   "(by, tell, Lord)",
                 "(, tell, by, Lord)",
                 "(, tell, by, said)",
                   "(by, tell, Lord)",
                   "(by, tell, said)",
                  "(, by, you, Lord)",
                    "(by, you, Lord)",
               "(by, tell, me, Lord)",
             "(by, tell, said, Lord)",
               "(by, tell, me, said)",
                   "(by, tell, Lord)",
                   "(by, tell, said)",
              "(by, tell, you, Lord)",
                "(by, you, me, Lord)",
                    "(by, you, Lord)",
             "(by, will, Lord, tell)",
              "(by, tell, you, Lord)",
              "(by, said, you, Lord)",
                    "(by, you, Lord)",
             "(by, will, tell, Lord)",
             "(by, will, Lord, tell)",
              "(by, will, you, Lord)",
              "(by, tell, you, Lord)",
                    "(by, you, Lord)",
             "(, by, tell, me, Lord)",
           "(, Lord, by, tell, said)",
             "(, by, tell, me, said)",
                 "(, tell, by, Lord)",
                 "(, tell, by, said)",
               "(by, tell, me, Lord)",
             "(by, tell, said, Lord)",
               "(by, tell, me, said)",
                   "(by, tell, Lord)",
                   "(by, tell, said)",
            "(, by, tell, you, Lord)",
              "(, by, me, you, Lord)",
                  "(, by, you, Lord)",
              "(by, tell, you, Lord)",
                "(by, you, me, Lord)",
                    "(by, you, Lord)",
           "(, by, will, tell, Lord)",
             "(by, will, Lord, tell)",
            "(, by, tell, you, Lord)",
            "(, Lord, by, you, said)",
                  "(, by, you, Lord)",
              "(by, tell, you, Lord)",
              "(by, said, you, Lord)",
                    "(by, you, Lord)",
           "(, by, will, tell, Lord)",
             "(by, will, Lord, tell)",
           "(, by, will, tell, Lord)",
            "(, by, will, you, Lord)",
            "(, by, tell, you, Lord)",
                  "(, by, you, Lord)",
             "(by, will, Lord, tell)",
              "(by, will, you, Lord)",
              "(by, tell, you, Lord)",
                    "(by, you, Lord)",
          "(by, tell, me, you, Lord)",
        "(Lord, by, tell, you, said)",
          "(Lord, by, me, you, said)",
              "(by, tell, you, Lord)",
                "(by, you, me, Lord)",
              "(by, said, you, Lord)",
                    "(by, you, Lord)",
         "(by, will, tell, me, Lord)",
       "(Lord, by, will, tell, said)",
             "(by, will, tell, Lord)",
         "(by, will, tell, me, Lord)",
        "(by, will, tell, you, Lord)",
          "(by, will, me, you, Lord)",
          "(by, tell, me, you, Lord)",
             "(by, will, Lord, tell)",
              "(by, will, you, Lord)",
              "(by, tell, you, Lord)",
                "(by, you, me, Lord)",
                    "(by, you, Lord)",
        "(by, will, tell, you, Lord)",
       "(Lord, by, will, tell, said)",
        "(Lord, by, will, you, said)",
        "(Lord, by, tell, you, said)",
             "(by, will, tell, Lord)",
              "(by, will, you, Lord)",
              "(by, tell, you, Lord)",
              "(by, said, you, Lord)",
                    "(by, you, Lord)",
        "(, by, tell, me, you, Lord)",
      "(, by, said, tell, you, Lord)",
        "(, by, said, me, you, Lord)",
            "(, by, tell, you, Lord)",
              "(, by, me, you, Lord)",
            "(, Lord, by, you, said)",
          "(by, tell, me, you, Lord)",
        "(Lord, by, tell, you, said)",
          "(Lord, by, me, you, said)",
                  "(, by, you, Lord)",
              "(by, tell, you, Lord)",
                "(by, you, me, Lord)",
              "(by, said, you, Lord)",
                    "(by, you, Lord)",
     "(, Lord, by, will, tell, said)",
       "(, by, will, tell, me, Lord)",
           "(, by, will, tell, Lord)",
       "(by, said, will, tell, Lord)",
         "(by, will, tell, me, Lord)",
             "(by, will, Lord, tell)",
       "(, by, will, tell, me, Lord)",
      "(, by, will, tell, you, Lord)",
        "(, by, will, me, you, Lord)",
        "(, by, tell, me, you, Lord)",
           "(, by, will, tell, Lord)",
            "(, by, will, you, Lord)",
            "(, by, tell, you, Lord)",
              "(, by, me, you, Lord)",
         "(by, will, tell, me, Lord)",
        "(by, will, tell, you, Lord)",
          "(by, will, me, you, Lord)",
          "(by, tell, me, you, Lord)",
                  "(, by, you, Lord)",
             "(by, will, Lord, tell)",
              "(by, will, you, Lord)",
              "(by, tell, you, Lord)",
                "(by, you, me, Lord)",
                    "(by, you, Lord)",
     "(, Lord, by, will, tell, said)",
      "(, Lord, by, will, you, said)",
      "(, Lord, by, tell, you, said)",
      "(, by, will, tell, you, Lord)",
            "(, by, said, you, Lord)",
           "(, by, will, tell, Lord)",
            "(, by, will, you, Lord)",
            "(, by, tell, you, Lord)",
       "(by, said, will, tell, Lord)",
        "(by, said, will, you, Lord)",
        "(by, said, tell, you, Lord)",
        "(by, will, tell, you, Lord)",
                  "(, by, you, Lord)",
              "(by, Lord, you, said)",
             "(by, will, Lord, tell)",
              "(by, will, you, Lord)",
              "(by, tell, you, Lord)",
                    "(by, you, Lord)",
    "(by, will, tell, me, you, Lord)",
   "(by, said, will, tell, me, Lord)",
  "(by, said, will, tell, you, Lord)",
    "(by, said, will, me, you, Lord)",
    "(by, said, tell, me, you, Lord)",
         "(by, will, tell, me, Lord)",
        "(by, will, tell, you, Lord)",
       "(Lord, by, will, tell, said)",
          "(by, will, me, you, Lord)",
        "(Lord, by, will, you, said)",
          "(by, tell, me, you, Lord)",
        "(Lord, by, tell, you, said)",
          "(Lord, by, me, you, said)",
             "(by, will, tell, Lord)",
              "(by, will, you, Lord)",
              "(by, tell, you, Lord)",
                "(by, you, me, Lord)",
              "(by, said, you, Lord)",
                    "(by, you, Lord)",
 "(, Lord, by, will, tell, me, said)",
"(, Lord, by, will, tell, you, said)",
  "(, Lord, by, will, me, you, said)",
  "(, Lord, by, tell, me, you, said)",
  "(, by, will, tell, me, you, Lord)",
     "(, Lord, by, will, tell, said)",
      "(, Lord, by, will, you, said)",
      "(, Lord, by, tell, you, said)",
        "(, Lord, by, me, you, said)",
       "(, by, will, tell, me, Lord)",
      "(, by, will, tell, you, Lord)",
        "(, by, will, me, you, Lord)",
        "(, by, tell, me, you, Lord)",
   "(Lord, by, will, tell, me, said)",
  "(Lord, by, will, tell, you, said)",
    "(Lord, by, will, me, you, said)",
    "(Lord, by, tell, me, you, said)",
    "(by, will, tell, me, you, Lord)",
            "(, by, said, you, Lord)",
           "(, by, will, tell, Lord)",
            "(, by, will, you, Lord)",
            "(, by, tell, you, Lord)",
              "(, by, me, you, Lord)",
       "(by, said, will, tell, Lord)",
        "(by, said, will, you, Lord)",
        "(by, said, tell, you, Lord)",
          "(by, said, me, you, Lord)",
         "(by, will, tell, me, Lord)",
        "(by, will, tell, you, Lord)",
          "(by, will, me, you, Lord)",
          "(by, tell, me, you, Lord)",
                  "(, by, you, Lord)",
              "(by, Lord, you, said)",
             "(by, will, Lord, tell)",
              "(by, will, you, Lord)",
              "(by, tell, you, Lord)",
                "(by, you, me, Lord)",
                    "(by, you, Lord)",
                       "(tell, that)",
                       "(tell, that)",
                 "(will, tell, that)",
                  "(tell, you, that)",
                       "(tell, that)",
                     "(, tell, that)",
                       "(tell, that)",
                     "(, tell, that)",
                       "(tell, that)",
               "(, will, that, tell)",
                "(, tell, you, that)",
                     "(, tell, that)",
                 "(will, tell, that)",
                  "(tell, you, that)",
                       "(tell, that)",
                "(tell, which, that)",
                "(tell, which, that)",
              "(, tell, which, that)",
                "(tell, which, that)",
              "(, tell, which, that)",
                "(tell, which, that)",
          "(will, tell, which, that)",
           "(tell, you, which, that)",
                "(tell, which, that)",
        "(, which, that, will, tell)",
         "(, which, that, tell, you)",
              "(, tell, which, that)",
          "(will, tell, which, that)",
           "(tell, you, which, that)",
                "(tell, which, that)",
                 "(tell, that, said)",
                 "(tell, that, said)",
               "(, tell, that, said)",
                 "(tell, that, said)",
               "(, tell, that, said)",
                 "(tell, that, said)",
           "(will, tell, that, said)",
            "(tell, you, that, said)",
                 "(tell, that, said)",
         "(, that, will, tell, said)",
          "(, that, tell, you, said)",
               "(, tell, that, said)",
           "(will, tell, that, said)",
            "(tell, you, that, said)",
                 "(tell, that, said)",
                   "(tell, me, that)",
                 "(tell, that, said)",
                   "(tell, me, that)",
                   "(tell, me, that)",
                 "(, tell, me, that)",
               "(, tell, that, said)",
                   "(tell, me, that)",
                 "(tell, that, said)",
              "(tell, you, me, that)",
             "(tell, me, that, said)",
            "(tell, you, that, said)",
                   "(tell, me, that)",
                 "(tell, that, said)",
             "(will, tell, me, that)",
           "(will, tell, that, said)",
             "(tell, me, that, said)",
                   "(tell, me, that)",
                 "(tell, that, said)",
                 "(, tell, me, that)",
                   "(tell, me, that)",
                 "(, tell, me, that)",
                   "(tell, me, that)",
             "(will, tell, me, that)",
              "(tell, you, me, that)",
                   "(tell, me, that)",
            "(, that, tell, me, you)",
           "(, that, tell, me, said)",
          "(, that, tell, you, said)",
                 "(, tell, me, that)",
               "(, tell, that, said)",
              "(tell, you, me, that)",
             "(tell, me, that, said)",
            "(tell, you, that, said)",
                   "(tell, me, that)",
                 "(tell, that, said)",
           "(, that, will, tell, me)",
         "(, that, will, tell, said)",
           "(, that, tell, me, said)",
                 "(, tell, me, that)",
               "(, tell, that, said)",
             "(will, tell, me, that)",
           "(will, tell, that, said)",
             "(tell, me, that, said)",
                   "(tell, me, that)",
                 "(tell, that, said)",
        "(that, will, tell, me, you)",
       "(that, will, tell, me, said)",
      "(that, will, tell, you, said)",
        "(that, tell, me, you, said)",
             "(will, tell, me, that)",
           "(will, tell, that, said)",
              "(tell, you, me, that)",
             "(tell, me, that, said)",
            "(tell, you, that, said)",
                   "(tell, me, that)",
                 "(tell, that, said)",
           "(, that, will, tell, me)",
            "(, that, tell, me, you)",
                 "(, tell, me, that)",
             "(will, tell, me, that)",
              "(tell, you, me, that)",
                   "(tell, me, that)",
      "(, that, will, tell, me, you)",
     "(, that, will, tell, me, said)",
    "(, that, will, tell, you, said)",
      "(, that, tell, me, you, said)",
           "(, that, will, tell, me)",
         "(, that, will, tell, said)",
            "(, that, tell, me, you)",
           "(, that, tell, me, said)",
          "(, that, tell, you, said)",
        "(that, will, tell, me, you)",
       "(that, will, tell, me, said)",
      "(that, will, tell, you, said)",
        "(that, tell, me, you, said)",
                 "(, tell, me, that)",
               "(, tell, that, said)",
             "(will, tell, me, that)",
           "(will, tell, that, said)",
              "(tell, you, me, that)",
             "(tell, me, that, said)",
            "(tell, you, that, said)",
                   "(tell, me, that)",
                 "(tell, that, said)",
                       "(have, tell)",
                       "(have, tell)",
                  "(have, you, tell)",
                 "(will, have, tell)",
                       "(have, tell)",
                     "(, tell, have)",
                       "(have, tell)",
                     "(, have, tell)",
                       "(have, tell)",
               "(, will, have, tell)",
                "(, tell, you, have)",
                     "(, tell, have)",
                 "(will, tell, have)",
                  "(have, tell, you)",
                       "(have, tell)",
                   "(will, tell, he)",
                    "(tell, you, he)",
                 "(, will, he, tell)",
                  "(, tell, you, he)",
                   "(will, tell, he)",
                    "(tell, you, he)",
                        "(tell, who)",
                        "(tell, who)",
                      "(, tell, who)",
                        "(tell, who)",
                      "(, tell, who)",
                        "(tell, who)",
                  "(will, tell, who)",
                   "(tell, who, you)",
                        "(tell, who)",
                    "(by, tell, who)",
                    "(by, tell, who)",
                "(, will, who, tell)",
                 "(, tell, who, you)",
                      "(, tell, who)",
                  "(will, tell, who)",
                   "(tell, who, you)",
                        "(tell, who)",
                  "(, tell, who, by)",
                    "(by, tell, who)",
                  "(, tell, who, by)",
                    "(by, tell, who)",
              "(by, will, who, tell)",
               "(by, tell, who, you)",
                    "(by, tell, who)",
            "(, who, by, will, tell)",
             "(, who, by, tell, you)",
                  "(, tell, who, by)",
              "(by, will, who, tell)",
               "(by, tell, who, you)",
                    "(by, tell, who)",
                       "(tell, from)",
                       "(tell, from)",
                 "(will, tell, from)",
                  "(tell, you, from)",
                       "(tell, from)",
                     "(, tell, from)",
                       "(tell, from)",
                   "(tell, from, me)",
                     "(, tell, from)",
                       "(tell, from)",
                   "(tell, from, me)",
               "(, will, from, tell)",
                "(, tell, you, from)",
                     "(, tell, from)",
                 "(will, tell, from)",
                  "(tell, you, from)",
                       "(tell, from)",
             "(will, tell, from, me)",
              "(will, you, from, me)",
              "(tell, you, from, me)",
                   "(tell, from, me)",
                 "(, tell, from, me)",
                   "(tell, from, me)",
                 "(, tell, from, me)",
                   "(tell, from, me)",
           "(, will, tell, me, from)",
            "(, from, will, me, you)",
            "(, from, tell, me, you)",
                 "(, tell, from, me)",
             "(will, tell, from, me)",
              "(will, you, from, me)",
              "(tell, you, from, me)",
                   "(tell, from, me)",
                        "(tell, one)",
                        "(tell, one)",
                      "(, tell, one)",
                        "(tell, one)",
                      "(, tell, one)",
                        "(tell, one)",
                  "(will, tell, one)",
                   "(will, one, you)",
                   "(tell, one, you)",
                        "(tell, one)",
                "(, will, one, tell)",
                 "(, will, one, you)",
                 "(, tell, one, you)",
                      "(, tell, one)",
                  "(will, tell, one)",
                   "(will, one, you)",
                   "(tell, one, you)",
                        "(tell, one)",
                     "(tell, should)",
                   "(, tell, should)",
                     "(tell, should)",
               "(will, tell, should)",
                "(will, should, you)",
                "(tell, you, should)",
             "(, will, should, tell)",
              "(, will, you, should)",
              "(, tell, you, should)",
               "(will, tell, should)",
                "(will, you, should)",
                "(tell, you, should)",
               "(should, about, you)",
             "(, about, you, should)",
               "(about, you, should)",
        "(will, tell, about, should)",
         "(will, about, you, should)",
         "(tell, about, you, should)",
               "(about, you, should)",
      "(, should, about, will, tell)",
       "(, should, about, will, you)",
       "(, should, about, tell, you)",
             "(, about, you, should)",
        "(will, tell, about, should)",
         "(will, about, you, should)",
         "(tell, about, you, should)",
               "(about, you, should)",
                           "(Listen)",
                         "(, Listen)",
                           "(Listen)",
                     "(tell, Listen)",
                   "(, tell, Listen)",
                     "(tell, Listen)",
                    "(about, Listen)",
                  "(, about, Listen)",
                    "(about, Listen)",
                       "(by, Listen)",
                     "(, by, Listen)",
                       "(by, Listen)",
                     "(Listen, Lord)",
                   "(, Listen, Lord)",
                     "(Listen, Lord)",
                     "(Listen, said)",
                     "(Listen, Lord)",
                     "(Listen, said)",
                   "(, Listen, said)",
                   "(, Listen, Lord)",
                     "(Listen, said)",
                     "(Listen, Lord)",
               "(will, Listen, said)",
               "(will, Listen, Lord)",
               "(Lord, Listen, said)",
                     "(Listen, said)",
                     "(Listen, Lord)",
                   "(, Listen, said)",
                     "(Listen, said)",
             "(, will, Listen, Lord)",
             "(, said, Listen, Lord)",
             "(, will, Listen, said)",
                   "(, Listen, Lord)",
                   "(, Listen, said)",
               "(will, Listen, Lord)",
               "(said, Listen, Lord)",
               "(will, Listen, said)",
                     "(Listen, Lord)",
                     "(Listen, said)",
                    "(Listen, which)",
                  "(, Listen, which)",
                    "(Listen, which)",
                 "(who, from, which)",
               "(, from, who, which)",
                 "(from, who, which)",
                   "(who, which, he)",
                 "(, who, which, he)",
                   "(who, which, he)",
                "(with, from, which)",
              "(, from, which, with)",
                "(from, which, with)",
                      "(those, from)",
                    "(, those, from)",
                      "(those, from)",
                      "(have, those)",
                    "(, have, those)",
                      "(have, those)",
                        "(those, he)",
                      "(, those, he)",
                        "(those, he)",
                        "(on, those)",
                      "(, on, those)",
                        "(on, those)",
                   "(by, not, those)",
                      "(upon, those)",
                    "(, upon, those)",
                      "(upon, those)",
                         "(upon, he)",
                       "(, upon, he)",
                         "(upon, he)",
                        "(those, go)",
                      "(, those, go)",
          "(GaruaÂ¸said, about, said)",
          "(GaruaÂ¸said, about, Lord)",
        "(, about, GaruaÂ¸said, Lord)",
        "(, about, GaruaÂ¸said, said)",
          "(GaruaÂ¸said, about, Lord)",
          "(GaruaÂ¸said, about, said)",
             "(GaruaÂ¸said, by, said)",
             "(GaruaÂ¸said, by, Lord)",
           "(, by, GaruaÂ¸said, Lord)",
           "(, by, GaruaÂ¸said, said)",
             "(by, GaruaÂ¸said, Lord)",
             "(by, GaruaÂ¸said, said)",
                 "(GaruaÂ¸said, said)",
                 "(GaruaÂ¸said, Lord)",
               "(, GaruaÂ¸said, said)",
               "(, GaruaÂ¸said, Lord)",
                 "(GaruaÂ¸said, said)",
                 "(GaruaÂ¸said, Lord)",
             "(GaruaÂ¸said, me, said)",
             "(GaruaÂ¸said, me, Lord)",
           "(, GaruaÂ¸said, me, Lord)",
           "(, GaruaÂ¸said, me, said)",
             "(GaruaÂ¸said, me, Lord)",
             "(GaruaÂ¸said, me, said)",
                 "(GaruaÂ¸said, tell)",
               "(, tell, GaruaÂ¸said)",
                 "(GaruaÂ¸said, tell)",
                 "(GaruaÂ¸said, will)",
                 "(GaruaÂ¸said, will)",
           "(GaruaÂ¸said, will, said)",
           "(GaruaÂ¸said, will, Lord)",
                 "(GaruaÂ¸said, will)",
               "(, will, GaruaÂ¸said)",
                 "(will, GaruaÂ¸said)",
               "(, will, GaruaÂ¸said)",
                 "(will, GaruaÂ¸said)",
         "(, will, GaruaÂ¸said, Lord)",
         "(, will, GaruaÂ¸said, said)",
               "(, will, GaruaÂ¸said)",
           "(GaruaÂ¸said, will, Lord)",
           "(GaruaÂ¸said, will, said)",
                 "(GaruaÂ¸said, will)",
                       "(they, from)",
                     "(, they, from)",
                       "(they, from)",
                        "(one, even)",
                       "(, will, me)",
                     "(by, will, me)",
                   "(, will, by, me)",
                     "(by, will, me)",
                        "(which, me)",
                      "(, which, me)",
                        "(which, me)",
                  "(will, which, me)",
                  "(which, me, said)",
                "(, will, which, me)",
                "(, which, me, said)",
                  "(will, which, me)",
                  "(which, me, said)",
                    "(by, which, me)",
                  "(which, me, said)",
                  "(will, which, me)",
                    "(by, which, me)",
                  "(, by, which, me)",
                "(, which, me, said)",
                    "(by, which, me)",
                  "(which, me, said)",
              "(by, will, which, me)",
              "(by, which, me, said)",
            "(will, which, me, said)",
                    "(by, which, me)",
                  "(will, which, me)",
                  "(, by, which, me)",
                "(, will, which, me)",
                    "(by, which, me)",
                  "(will, which, me)",
            "(, which, by, will, me)",
            "(, which, by, me, said)",
          "(, which, will, me, said)",
                  "(, by, which, me)",
                "(, will, which, me)",
              "(by, will, which, me)",
              "(by, which, me, said)",
            "(will, which, me, said)",
                    "(by, which, me)",
                  "(will, which, me)",
                  "(will, which, me)",
                   "(you, which, me)",
                   "(you, which, me)",
                 "(you, which, said)",
             "(will, you, which, me)",
            "(will, which, me, said)",
           "(will, you, which, said)",
             "(you, which, me, said)",
                  "(will, which, me)",
                   "(you, which, me)",
                 "(you, which, said)",
                "(, will, which, me)",
                 "(, you, which, me)",
                  "(will, which, me)",
                   "(you, which, me)",
               "(by, you, which, me)",
                 "(, you, which, me)",
               "(, you, which, said)",
                   "(you, which, me)",
                 "(you, which, said)",
               "(by, you, which, me)",
             "(by, you, which, said)",
           "(, which, will, me, you)",
          "(, which, will, me, said)",
         "(, which, will, you, said)",
           "(, which, me, you, said)",
                "(, will, which, me)",
                 "(, you, which, me)",
               "(, you, which, said)",
             "(will, you, which, me)",
            "(will, which, me, said)",
           "(will, you, which, said)",
             "(you, which, me, said)",
                  "(will, which, me)",
                   "(you, which, me)",
                 "(you, which, said)",
         "(which, by, will, me, you)",
       "(which, by, will, you, said)",
         "(which, by, me, you, said)",
               "(by, you, which, me)",
             "(by, you, which, said)",
             "(, which, by, me, you)",
               "(by, you, which, me)",
             "(, which, by, me, you)",
           "(, which, by, you, said)",
               "(by, you, which, me)",
             "(by, you, which, said)",
       "(, which, by, will, me, you)",
     "(, which, by, will, you, said)",
       "(, which, by, me, you, said)",
             "(, which, by, me, you)",
           "(, which, by, you, said)",
         "(which, by, will, me, you)",
       "(which, by, will, you, said)",
         "(which, by, me, you, said)",
               "(by, you, which, me)",
             "(by, you, which, said)",
                        "(about, me)",
                        "(about, me)",
                      "(, about, me)",
                        "(about, me)",
                      "(, about, me)",
                        "(about, me)",
                   "(about, you, me)",
                 "(, about, you, me)",
                   "(about, you, me)",
                          "(you, me)",
                       "(, will, me)",
                        "(, you, me)",
                  "(will, you, said)",
                   "(will, me, said)",
                    "(you, me, said)",
                  "(, will, you, me)",
                 "(, will, me, said)",
                "(, will, you, said)",
                  "(, you, me, said)",
                   "(will, me, said)",
                  "(will, you, said)",
                    "(you, me, said)",
                     "(by, will, me)",
                      "(by, you, me)",
                    "(by, you, said)",
                   "(, will, by, me)",
                    "(, by, you, me)",
                     "(by, will, me)",
                      "(by, you, me)",
                  "(, by, you, said)",
                    "(by, you, said)",
                "(by, will, you, me)",
               "(by, will, me, said)",
              "(by, will, you, said)",
                "(by, you, me, said)",
                    "(by, you, said)",
              "(, by, will, me, you)",
             "(, by, will, me, said)",
            "(, by, will, you, said)",
              "(, by, me, you, said)",
                  "(, by, you, said)",
                "(by, will, you, me)",
               "(by, will, me, said)",
              "(by, will, you, said)",
                "(by, you, me, said)",
                    "(by, you, said)",
                   "(will, have, me)",
                    "(have, you, me)",
                 "(, will, me, have)",
                   "(have, me, said)",
                  "(have, you, said)",
                   "(have, me, said)",
             "(will, have, me, said)",
            "(will, have, you, said)",
              "(have, you, me, said)",
                   "(have, me, said)",
                  "(have, you, said)",
                 "(, will, me, have)",
                 "(, have, me, said)",
                   "(have, me, said)",
                 "(, have, me, said)",
                "(, have, you, said)",
                   "(have, me, said)",
                  "(have, you, said)",
            "(, will, have, me, you)",
           "(, will, have, me, said)",
          "(, will, have, you, said)",
            "(, have, me, you, said)",
                 "(, will, me, have)",
                 "(, have, me, said)",
                "(, have, you, said)",
             "(will, have, me, said)",
            "(will, have, you, said)",
              "(have, you, me, said)",
                   "(have, me, said)",
                  "(have, you, said)",
                         "(that, me)",
                       "(, that, me)",
                         "(that, me)",
                    "(that, you, me)",
                   "(that, me, said)",
                  "(you, that, said)",
                  "(, you, me, that)",
                 "(, me, that, said)",
                "(, you, that, said)",
                    "(you, me, that)",
                   "(me, that, said)",
                  "(you, that, said)",
                   "(will, that, me)",
                    "(that, you, me)",
                   "(will, that, me)",
                 "(will, that, said)",
                   "(that, me, said)",
              "(will, you, me, that)",
             "(will, me, that, said)",
            "(will, you, that, said)",
              "(you, me, that, said)",
                   "(will, me, that)",
                 "(will, that, said)",
                    "(you, me, that)",
                   "(me, that, said)",
                  "(you, that, said)",
                 "(, will, me, that)",
                  "(, you, me, that)",
                   "(will, me, that)",
                    "(you, me, that)",
                 "(, will, me, that)",
               "(, will, that, said)",
                 "(, me, that, said)",
                   "(will, me, that)",
                 "(will, that, said)",
                   "(me, that, said)",
            "(, that, will, me, you)",
           "(, that, will, me, said)",
          "(, that, will, you, said)",
            "(, that, me, you, said)",
                 "(, will, me, that)",
               "(, will, that, said)",
                  "(, you, me, that)",
                 "(, me, that, said)",
                "(, you, that, said)",
              "(will, you, me, that)",
             "(will, me, that, said)",
            "(will, you, that, said)",
              "(you, me, that, said)",
                   "(will, me, that)",
                 "(will, that, said)",
                    "(you, me, that)",
                   "(me, that, said)",
                  "(you, that, said)",
                     "(by, that, me)",
                   "(that, me, said)",
                   "(, by, me, that)",
                 "(, me, that, said)",
                     "(by, me, that)",
                   "(me, that, said)",
               "(by, will, me, that)",
                "(by, you, me, that)",
              "(by, you, that, said)",
               "(by, will, me, that)",
                "(by, you, me, that)",
             "(, by, that, will, me)",
               "(by, will, me, that)",
              "(, by, that, me, you)",
            "(, by, that, you, said)",
                "(by, you, me, that)",
              "(by, you, that, said)",
          "(by, that, will, me, you)",
         "(by, that, will, me, said)",
        "(by, that, will, you, said)",
          "(by, that, me, you, said)",
               "(by, will, me, that)",
                "(by, you, me, that)",
              "(by, you, that, said)",
             "(, by, that, will, me)",
              "(, by, that, me, you)",
               "(by, will, me, that)",
                "(by, you, me, that)",
        "(, by, that, will, me, you)",
       "(, by, that, will, me, said)",
      "(, by, that, will, you, said)",
        "(, by, that, me, you, said)",
             "(, by, that, will, me)",
              "(, by, that, me, you)",
            "(, by, that, you, said)",
          "(by, that, will, me, you)",
         "(by, that, will, me, said)",
        "(by, that, will, you, said)",
          "(by, that, me, you, said)",
               "(by, will, me, that)",
                "(by, you, me, that)",
              "(by, you, that, said)",
                         "(me, Lord)",
                       "(, me, Lord)",
                         "(me, Lord)",
                     "(by, me, Lord)",
                   "(, by, me, Lord)",
                     "(by, me, Lord)",
                       "(will, Lord)",
                     "(, will, Lord)",
                       "(will, Lord)",
                   "(by, will, Lord)",
                 "(, will, by, Lord)",
                   "(by, will, Lord)",
                   "(will, me, Lord)",
                 "(, will, me, Lord)",
                   "(will, me, Lord)",
               "(by, will, me, Lord)",
             "(, by, will, me, Lord)",
               "(by, will, me, Lord)",
                "(will, which, Lord)",
                "(Lord, which, said)",
              "(, will, which, Lord)",
              "(, said, which, Lord)",
                "(will, which, Lord)",
                "(said, which, Lord)",
                  "(by, which, Lord)",
                "(Lord, which, said)",
                  "(by, which, Lord)",
                "(will, which, Lord)",
                "(, by, which, Lord)",
              "(, said, which, Lord)",
                  "(by, which, Lord)",
                "(said, which, Lord)",
            "(by, will, which, Lord)",
            "(by, said, which, Lord)",
          "(will, said, which, Lord)",
                  "(by, which, Lord)",
                "(will, which, Lord)",
                "(, by, which, Lord)",
              "(, will, which, Lord)",
                  "(by, which, Lord)",
                "(will, which, Lord)",
          "(, which, by, will, Lord)",
          "(, Lord, which, by, said)",
        "(, Lord, which, will, said)",
                "(, by, which, Lord)",
              "(, will, which, Lord)",
            "(by, will, which, Lord)",
            "(by, said, which, Lord)",
          "(will, said, which, Lord)",
                  "(by, which, Lord)",
                "(will, which, Lord)",
                  "(which, me, Lord)",
                "(, which, me, Lord)",
                  "(which, me, Lord)",
              "(by, which, me, Lord)",
            "(, which, by, me, Lord)",
              "(by, which, me, Lord)",
            "(will, which, me, Lord)",
          "(, which, will, me, Lord)",
            "(will, which, me, Lord)",
                      "(about, Lord)",
                      "(about, Lord)",
                    "(, about, Lord)",
                      "(about, Lord)",
                    "(, about, Lord)",
                      "(about, Lord)",
                "(will, about, Lord)",
                "(Lord, about, said)",
                      "(about, Lord)",
              "(, will, about, Lord)",
              "(, about, said, Lord)",
                    "(, about, Lord)",
                "(will, about, Lord)",
                "(about, said, Lord)",
                      "(about, Lord)",
                  "(about, me, Lord)",
                "(, about, me, Lord)",
                  "(about, me, Lord)",
                  "(by, about, Lord)",
                "(, by, about, Lord)",
                  "(by, about, Lord)",
                        "(who, Lord)",
                      "(, who, Lord)",
                        "(who, Lord)",
                        "(you, Lord)",
                        "(you, Lord)",
                        "(you, Lord)",
                      "(, you, Lord)",
                        "(you, Lord)",
                  "(will, you, Lord)",
                   "(will, me, Lord)",
                    "(you, me, Lord)",
                        "(you, Lord)",
                  "(will, you, Lord)",
                  "(Lord, you, said)",
                        "(you, Lord)",
                    "(by, you, Lord)",
                      "(, you, Lord)",
                        "(you, Lord)",
                      "(, you, Lord)",
                        "(you, Lord)",
                  "(Lord, you, said)",
                    "(you, me, Lord)",
                        "(you, Lord)",
                    "(by, you, Lord)",
                    "(by, you, Lord)",
                 "(, will, me, Lord)",
                "(, will, you, Lord)",
                  "(, you, me, Lord)",
                      "(, you, Lord)",
                   "(will, me, Lord)",
                  "(will, you, Lord)",
                    "(you, me, Lord)",
                        "(you, Lord)",
                "(, will, you, Lord)",
                "(, said, you, Lord)",
                      "(, you, Lord)",
                  "(will, you, Lord)",
                  "(said, you, Lord)",
                        "(you, Lord)",
                  "(, by, you, Lord)",
                    "(by, you, Lord)",
              "(will, you, me, Lord)",
             "(will, said, me, Lord)",
            "(will, said, you, Lord)",
              "(said, you, me, Lord)",
                   "(will, me, Lord)",
                  "(will, you, Lord)",
                    "(you, me, Lord)",
                  "(said, you, Lord)",
                        "(you, Lord)",
              "(by, will, you, Lord)",
                "(by, you, me, Lord)",
                    "(by, you, Lord)",
              "(by, will, you, Lord)",
              "(by, said, you, Lord)",
                    "(by, you, Lord)",
                  "(, you, me, Lord)",
                "(, said, you, Lord)",
                      "(, you, Lord)",
                    "(you, me, Lord)",
                  "(said, you, Lord)",
                        "(you, Lord)",
                  "(, by, you, Lord)",
                    "(by, you, Lord)",
                  "(, by, you, Lord)",
                    "(by, you, Lord)",
                "(by, you, me, Lord)",
              "(by, said, you, Lord)",
                    "(by, you, Lord)",
            "(, will, me, you, Lord)",
           "(, Lord, will, me, said)",
          "(, Lord, will, you, said)",
            "(, Lord, me, you, said)",
                 "(, will, me, Lord)",
                "(, will, you, Lord)",
                  "(, you, me, Lord)",
                "(, said, you, Lord)",
              "(will, you, me, Lord)",
             "(will, said, me, Lord)",
            "(will, said, you, Lord)",
              "(said, you, me, Lord)",
                      "(, you, Lord)",
                   "(will, me, Lord)",
                  "(will, you, Lord)",
                    "(you, me, Lord)",
                  "(said, you, Lord)",
                        "(you, Lord)",
            "(, by, will, you, Lord)",
              "(, by, me, you, Lord)",
                  "(, by, you, Lord)",
              "(by, will, you, Lord)",
                "(by, you, me, Lord)",
                    "(by, you, Lord)",
            "(, by, will, you, Lord)",
            "(, Lord, by, you, said)",
                  "(, by, you, Lord)",
              "(by, will, you, Lord)",
              "(by, said, you, Lord)",
                    "(by, you, Lord)",
          "(by, will, me, you, Lord)",
        "(Lord, by, will, you, said)",
          "(Lord, by, me, you, said)",
              "(by, will, you, Lord)",
                "(by, you, me, Lord)",
              "(by, said, you, Lord)",
                    "(by, you, Lord)",
              "(, by, me, you, Lord)",
            "(, Lord, by, you, said)",
                  "(, by, you, Lord)",
                "(by, you, me, Lord)",
              "(by, said, you, Lord)",
                    "(by, you, Lord)",
        "(, by, will, me, you, Lord)",
      "(, by, said, will, you, Lord)",
        "(, by, said, me, you, Lord)",
            "(, by, will, you, Lord)",
              "(, by, me, you, Lord)",
            "(, Lord, by, you, said)",
          "(by, will, me, you, Lord)",
        "(Lord, by, will, you, said)",
          "(Lord, by, me, you, said)",
                  "(, by, you, Lord)",
              "(by, will, you, Lord)",
                "(by, you, me, Lord)",
              "(by, said, you, Lord)",
                    "(by, you, Lord)",
                       "(that, Lord)",
                       "(that, Lord)",
                     "(, that, Lord)",
                       "(that, Lord)",
                     "(, that, Lord)",
                       "(that, Lord)",
                  "(you, that, Lord)",
                "(, you, that, Lord)",
                  "(you, that, Lord)",
                   "(that, me, Lord)",
                 "(, me, that, Lord)",
                   "(me, that, Lord)",
                   "(by, that, Lord)",
                 "(, by, that, Lord)",
                   "(by, that, Lord)",
                       "(have, Lord)",
                     "(, have, Lord)",
                       "(have, Lord)",
                 "(will, have, Lord)",
                   "(by, have, Lord)",
                   "(by, have, Lord)",
                 "(will, have, Lord)",
               "(, will, have, Lord)",
                 "(will, have, Lord)",
                 "(, have, by, Lord)",
                   "(by, have, Lord)",
             "(by, will, have, Lord)",
             "(by, have, said, Lord)",
           "(will, have, said, Lord)",
                   "(by, have, Lord)",
                 "(will, have, Lord)",
                 "(, have, by, Lord)",
               "(, will, Lord, have)",
                   "(by, have, Lord)",
                 "(will, have, Lord)",
           "(, by, said, have, Lord)",
           "(, by, will, have, Lord)",
         "(, said, will, have, Lord)",
                 "(, have, by, Lord)",
               "(, will, Lord, have)",
             "(by, have, Lord, said)",
             "(by, will, Lord, have)",
           "(will, have, Lord, said)",
                   "(by, have, Lord)",
                 "(will, have, Lord)",
                   "(those, asinful)",
                 "(, those, asinful)",
                   "(which, asinful)",
                 "(, which, asinful)",
                   "(which, asinful)",
                    "(they, asinful)",
                  "(, they, asinful)",
                    "(they, asinful)",
                      "(on, asinful)",
                    "(, on, asinful)",
                      "(on, asinful)",
                             "(Tell)",
                           "(, Tell)",
                             "(Tell)",
                         "(Tell, me)",
                       "(, Tell, me)",
                         "(Tell, me)",
                       "(will, Tell)",
                       "(Tell, said)",
                     "(, will, Tell)",
                     "(, Tell, said)",
                       "(will, Tell)",
                       "(Tell, said)",
                   "(will, Tell, me)",
                   "(Tell, me, said)",
                 "(, Tell, me, will)",
                 "(, Tell, me, said)",
                   "(will, Tell, me)",
                   "(Tell, me, said)",
                         "(by, Tell)",
                       "(, Tell, by)",
                         "(by, Tell)",
                   "(will, Tell, by)",
                   "(by, Tell, said)",
                 "(, Tell, by, will)",
                 "(, Tell, by, said)",
                   "(by, Tell, will)",
                   "(by, Tell, said)",
                       "(Tell, Lord)",
                       "(Tell, Lord)",
                       "(Tell, Lord)",
                     "(, Tell, Lord)",
                       "(Tell, Lord)",
                     "(, Tell, Lord)",
                       "(Tell, Lord)",
                   "(by, Tell, said)",
                   "(by, Tell, Lord)",
                 "(Lord, Tell, said)",
                       "(Tell, Lord)",
                 "(, Tell, by, Lord)",
               "(, Tell, said, Lord)",
                 "(, Tell, by, said)",
                     "(, Tell, Lord)",
                   "(by, Tell, Lord)",
                 "(Tell, said, Lord)",
                   "(by, Tell, said)",
                       "(Tell, Lord)",
                     "(, Tell, Lord)",
                       "(Tell, Lord)",
                 "(will, Tell, Lord)",
                 "(Lord, Tell, said)",
                       "(Tell, Lord)",
               "(, Tell, will, Lord)",
               "(, Tell, said, Lord)",
                     "(, Tell, Lord)",
                 "(will, Tell, Lord)",
                 "(Tell, said, Lord)",
                       "(Tell, Lord)",
             "(by, Tell, will, Lord)",
           "(, by, Tell, will, Lord)",
             "(by, Tell, will, Lord)",
                   "(Tell, me, Lord)",
                 "(, Tell, me, Lord)",
                   "(Tell, me, Lord)",
                      "(Tell, about)",
                      "(Tell, about)",
                "(will, Tell, about)",
                "(Tell, about, said)",
                      "(Tell, about)",
                    "(, Tell, about)",
                      "(Tell, about)",
                    "(, Tell, about)",
                      "(Tell, about)",
              "(, Tell, about, will)",
              "(, Tell, about, said)",
                    "(, Tell, about)",
                "(will, Tell, about)",
                "(Tell, about, said)",
                      "(Tell, about)",
                      "(Tell, which)",
                    "(, Tell, which)",
                      "(Tell, which)",
                 "(will, have, Tell)",
                 "(have, said, Tell)",
               "(, Tell, will, have)",
               "(, Tell, said, have)",
                 "(will, Tell, have)",
                 "(have, Tell, said)",
                 "(GaruaÂ¸said, Tell)",
                 "(GaruaÂ¸said, Tell)",
           "(GaruaÂ¸said, Tell, said)",
           "(GaruaÂ¸said, Tell, Lord)",
                 "(GaruaÂ¸said, Tell)",
               "(, Tell, GaruaÂ¸said)",
                 "(GaruaÂ¸said, Tell)",
               "(, Tell, GaruaÂ¸said)",
                 "(GaruaÂ¸said, Tell)",
         "(, Tell, GaruaÂ¸said, Lord)",
         "(, Tell, GaruaÂ¸said, said)",
               "(, Tell, GaruaÂ¸said)",
           "(GaruaÂ¸said, Tell, Lord)",
           "(GaruaÂ¸said, Tell, said)",
                 "(GaruaÂ¸said, Tell)",
                        "(Tell, you)",
                        "(Tell, you)",
                        "(Tell, you)",
                  "(will, Tell, you)",
                    "(Tell, you, me)",
                        "(Tell, you)",
                  "(will, Tell, you)",
                  "(Tell, you, said)",
                        "(Tell, you)",
                      "(, Tell, you)",
                        "(Tell, you)",
                    "(Tell, you, me)",
                  "(Tell, you, said)",
                        "(Tell, you)",
                      "(, Tell, you)",
                        "(Tell, you)",
                      "(, Tell, you)",
                        "(Tell, you)",
              "(will, Tell, you, me)",
            "(will, Tell, you, said)",
              "(Tell, you, me, said)",
                  "(will, Tell, you)",
                    "(Tell, you, me)",
                  "(Tell, you, said)",
                        "(Tell, you)",
                "(, Tell, you, will)",
                  "(, Tell, you, me)",
                      "(, Tell, you)",
                  "(will, Tell, you)",
                    "(Tell, you, me)",
                        "(Tell, you)",
                "(, Tell, you, will)",
                "(, Tell, you, said)",
                      "(, Tell, you)",
                  "(will, Tell, you)",
                  "(Tell, you, said)",
                        "(Tell, you)",
                  "(, Tell, you, me)",
                "(, Tell, you, said)",
                      "(, Tell, you)",
                    "(Tell, you, me)",
                  "(Tell, you, said)",
                        "(Tell, you)",
            "(, Tell, will, me, you)",
          "(, Tell, will, you, said)",
            "(, Tell, me, you, said)",
                "(, Tell, you, will)",
                  "(, Tell, you, me)",
                "(, Tell, you, said)",
              "(will, Tell, you, me)",
            "(will, Tell, you, said)",
              "(Tell, you, me, said)",
                      "(, Tell, you)",
                  "(will, Tell, you)",
                    "(Tell, you, me)",
                  "(Tell, you, said)",
                        "(Tell, you)",
                         "(attached)",
                       "(, attached)",
                         "(attached)",
                  "(attached, those)",
                "(, attached, those)",
                     "(by, attached)",
                   "(, attached, by)",
                     "(be, as, with)",
                   "(, be, as, with)",
                     "(he, from, or)",
                        "(, one, or)",
                    "(one, or, with)",
               "(who, with, through)",
             "(, who, with, through)",
               "(who, with, through)",
                   "(who, him, with)",
                 "(, who, him, with)",
                      "(by, him, he)",
                    "(, by, him, he)",
                      "(by, him, he)",
                        "(like, him)",
                    "(, like, which)",
                "(like, which, with)",
              "(, like, which, with)",
                "(like, which, with)",
                         "(like, he)",
                       "(, like, he)",
                         "(like, he)",
                       "(, as, does)",
                         "(does, he)",
                       "(, does, he)",
                    "(who, does, he)",
                  "(, who, does, he)",
                    "(who, does, he)",
                      "(, for, does)",
                 "(should, does, he)",
                   "(does, who, has)",
                   "(does, not, has)",
                         "(be, does)",
                       "(, be, does)",
                         "(He, does)",
                "(it, should, place)",
                  "(it, with, place)",
                       "(one, place)",
                        "(be, place)",
                      "(, be, place)",
                      "(amessengers)",
                    "(, amessengers)",
                  "(by, amessengers)",
                "(with, amessengers)",
              "(, with, amessengers)",
                      "(he, becomes)",
                    "(, he, becomes)",
                      "(he, becomes)",
                     "(for, becomes)",
                   "(, for, becomes)",
                    "(from, becomes)",
                  "(, from, becomes)",
                    "(from, becomes)",
                           "(filled)",
                         "(, filled)",
                        "(aservants)",
                      "(, aservants)",
                     "(their, those)",
                   "(, their, those)",
                       "(for, their)",
                      "(, afflicted)",
                    "(do, who, with)",
                  "(, who, with, do)",
                    "(, on, not, do)",
                        "(do, those)",
                        "(do, those)",
                       "(, who, but)",
                     "(for, obtains)",
                   "(, for, obtains)",
                  "(should, obtains)",
                    "(one, on, with)",
                  "(, one, on, with)",
                    "(one, on, with)",
                    "(be, one, with)",
                  "(, be, one, with)",
                    "(one, as, with)",
                    "(day, by, with)",
                  "(, day, with, by)",
                    "(day, by, with)",
                       "(, one, day)",
                          "(day, or)",
                        "(, day, or)",
                          "(day, or)",
                            "(Those)",
                          "(, Those)",
                       "(not, Those)",
                     "(, Those, not)",
                        "(by, Those)",
                      "(, by, Those)",
                        "(by, Those)",
                      "(Those, away)",
                    "(, Those, away)",
                      "(Those, away)",
                     "(Those, those)",
                   "(, Those, those)",
                    "(on, riceballs)",
                   "(one, riceballs)",
                    "(be, riceballs)",
                   "(riceballs, fer)",
                 "(, riceballs, fer)",
                   "(riceballs, fer)",
                         "(one, fer)",
                             "(aend)",
                           "(, aend)",
                             "(aend)",
                       "(, or, that)",
                      "(ahaving, he)",
                    "(, ahaving, he)",
                            "(awith)",
                          "(, awith)",
                            "(awith)",
                   "(all, one, with)",
                 "(, one, with, all)",
                   "(one, with, all)",
                    "(, be, by, not)",
                   "(, should, them)",
                         "(be, them)",
                 "(them, should, he)",
                   "(them, with, he)",
                      "(by, be, son)",
                          "(son, it)",
                        "(, son, it)",
                "(for, perform, one)",
              "(, one, for, perform)",
                "(for, one, perform)",
                      "(on, perform)",
                     "(one, perform)",
                   "(, one, perform)",
                    "(perform, with)",
                  "(, perform, with)",
                    "(perform, with)",
               "(one, perform, with)",
             "(, one, perform, with)",
               "(one, perform, with)",
                     "(son, perform)",
                      "(be, perform)",
                    "(, be, perform)",
                      "(be, perform)",
                 "(be, one, perform)",
               "(, be, one, perform)",
                     "(, prescribed)",
             "(, should, prescribed)",
                              "(nor)",
                            "(, nor)",
                              "(nor)",
                            "(eaten)",
                           "(If, be)",
                          "(be, cow)",
                        "(, be, cow)",
                          "(be, cow)",
                         "(by, hell)",
                       "(, by, hell)",
                         "(by, hell)",
                           "(athose)",
                         "(, athose)",
                    "(those, athose)",
                      "(for, aother)",
                       "(be, aother)",
                           "(be, if)",
                         "(, be, if)",
                     "(, if, should)",
                          "(for, if)",
                      "(be, for, if)",
                  "(for, if, should)",
                 "(should, together)",
                    "(be, Therefore)",
                  "(, be, Therefore)",
                        "(, mantras)",
                  "(mantras, should)",
                        "(clarified)",
                  "(clarified, with)",
                       "(one, rites)",
                     "(, one, rites)",
                  "(for, rites, one)",
                   "(rites, perform)",
                         "(performs)",
                          "(, basil)",
                           "(, wise)",
                           "(, rice)",
                       "(dead, with)",
                     "(, dead, with)",
                       "(dead, with)",